<?xml version="1.0" encoding="utf-8"?>
<manifest
    xmlns:android="http://schemas.android.com/apk/res/android"
    package="com.unity3d.player"
	android:installLocation="preferExternal"
	android:theme="@android:style/Theme.NoTitleBar"
    android:versionCode="1"
    android:versionName="1.0">
    <supports-screens
        android:smallScreens="true"
        android:normalScreens="true"
        android:largeScreens="true"
        android:xlargeScreens="true"
        android:anyDensity="true"/>

    <application
		android:icon="@drawable/app_icon"
        android:label="@string/app_name"
        android:debuggable="true">

        <activity android:name="com.upsight.unity.UnityPlayerNativeActivity" android:screenOrientation="sensor"
        		  android:launchMode="singleInstance"
                  android:label="@string/app_name">
            <intent-filter>
                <action android:name="android.intent.action.MAIN" />
                <category android:name="android.intent.category.LAUNCHER" />
            </intent-filter>
            <meta-data android:name="unityplayer.UnityActivity" android:value="true" />
            <meta-data android:name="unityplayer.ForwardNativeEventsToDalvik" android:value="true" />
        </activity>

		<activity android:name="com.playhaven.android.view.FullScreen" android:configChanges="orientation|keyboardHidden|screenSize" android:theme="@android:style/Theme.Translucent.NoTitleBar" android:windowSoftInputMode="adjustResize">
		    <intent-filter>
		        <action android:name="android.intent.action.VIEW"/>
		        <category android:name="android.intent.category.DEFAULT"/>
		    </intent-filter>
		    <intent-filter>
		        <action android:name="android.intent.action.VIEW"/>
		        <category android:name="android.intent.category.DEFAULT"/>
		        <data android:host="localhost" android:pathPattern="/full" android:scheme="playhaven"/>
		    </intent-filter>
		</activity>

		<receiver android:name="com.playhaven.android.push.GCMBroadcastReceiver" android:permission="com.google.android.c2dm.permission.SEND">
			<intent-filter>
				<action android:name="com.google.android.c2dm.intent.RECEIVE"/>
				<action android:name="com.google.android.c2dm.intent.REGISTRATION"/>
				<category android:name="CURRENT_PACKAGE_NAME"/>
			</intent-filter>
		</receiver>

	    <receiver android:name="com.playhaven.android.push.PushReceiver">
	       <intent-filter>
	           <action android:name="android.intent.action.VIEW"/>
	           <category android:name="com.playhaven.android"/>
	       </intent-filter>
	   	</receiver>
	</application>


	<permission android:name="CURRENT_PACKAGE_NAME.permission.C2D_MESSAGE" android:protectionLevel="signature"/>
	<uses-permission android:name="CURRENT_PACKAGE_NAME.permission.C2D_MESSAGE"/>
	<uses-permission android:name="com.google.android.c2dm.permission.RECEIVE"/>
	<uses-permission android:name="android.permission.GET_ACCOUNTS"/>
    <uses-permission android:name="android.permission.WRITE_EXTERNAL_STORAGE"/>
    <uses-permission android:name="android.permission.INTERNET"/>
    <uses-permission android:name="android.permission.ACCESS_NETWORK_STATE"/>
    <uses-permission android:name="android.permission.ACCESS_WIFI_STATE"/>

</manifest>
